[
  {
    "id": "a965ea4e-cf94-4512-a735-6c74973b2219",
    "data": [
      {
        "text": "Ok, nothing else",
        "userDefined": false
      }
    ],
    "isTemplate": false,
    "count": 0
  },
  {
    "id": "6fad6ec9-ecb7-4402-b4d0-a061e1dd3fa9",
    "data": [
      {
        "text": "Ok, thanks for all, bye",
        "userDefined": false
      }
    ],
    "isTemplate": false,
    "count": 0
  },
  {
    "id": "8cc2f0b5-e09a-4ddf-8cba-58f1aabf2fd8",
    "data": [
      {
        "text": "Perfect, thanks!",
        "userDefined": false
      }
    ],
    "isTemplate": false,
    "count": 0
  },
  {
    "id": "911716fa-121c-47bd-b955-046632e7d08e",
    "data": [
      {
        "text": "ok, thanks",
        "userDefined": false
      }
    ],
    "isTemplate": false,
    "count": 0,
    "updated": 0
  },
  {
    "id": "433356e0-afaf-4b66-8e27-f5fe3f7956ea",
    "data": [
      {
        "text": "Bye bye",
        "userDefined": false
      }
    ],
    "isTemplate": false,
    "count": 0
  },
  {
    "id": "e5689c41-8c4f-41bb-8e70-d4c26f0c5854",
    "data": [
      {
        "text": "Ok, bye!",
        "userDefined": false
      }
    ],
    "isTemplate": false,
    "count": 1
  }
]