[
  {
    "id": "1a94238a-d94c-4986-b577-c2b73ac15996",
    "data": [
      {
        "text": "I am looking for information",
        "userDefined": false
      }
    ],
    "isTemplate": false,
    "count": 7,
    "updated": 0
  },
  {
    "id": "87802420-928b-42c1-9ce2-91b40af95fe1",
    "data": [
      {
        "text": "i need some help with an ",
        "userDefined": false
      },
      {
        "text": "actor",
        "alias": "product_type",
        "meta": "@product_type",
        "userDefined": false
      }
    ],
    "isTemplate": false,
    "count": 0
  },
  {
    "id": "5cb1a084-7396-4e2f-a384-f4e7bbf722da",
    "data": [
      {
        "text": "Hi there i am looking for some information",
        "userDefined": false
      }
    ],
    "isTemplate": false,
    "count": 3,
    "updated": 0
  },
  {
    "id": "3d987a47-0bbe-490e-a060-6ce6ed049cb6",
    "data": [
      {
        "text": "Some ",
        "userDefined": false
      },
      {
        "text": "information",
        "meta": "@sys.ignore",
        "userDefined": false
      }
    ],
    "isTemplate": false,
    "count": 16,
    "updated": 0
  },
  {
    "id": "c0bda62b-1ef7-4e36-83d3-e3370c005ac8",
    "data": [
      {
        "text": "i am looking for information about batman forever",
        "userDefined": false
      }
    ],
    "isTemplate": false,
    "count": 0,
    "updated": 0
  },
  {
    "id": "4f0c9804-f911-4824-bd37-b110ca6c0ab7",
    "data": [
      {
        "text": "i am looking for info",
        "userDefined": false
      }
    ],
    "isTemplate": false,
    "count": 0
  },
  {
    "id": "11f4b74e-dd04-478a-a799-c56ca11308cb",
    "data": [
      {
        "text": "I am interested in a ",
        "userDefined": false
      },
      {
        "text": "movie",
        "alias": "product_type",
        "meta": "@product_type",
        "userDefined": false
      }
    ],
    "isTemplate": false,
    "count": 0
  },
  {
    "id": "fd3d9739-3607-4897-b2a7-79396ad425d8",
    "data": [
      {
        "text": "i need some help with a ",
        "userDefined": false
      },
      {
        "text": "movie",
        "alias": "product_type",
        "meta": "@product_type",
        "userDefined": false
      }
    ],
    "isTemplate": false,
    "count": 0
  },
  {
    "id": "c67125a4-eab4-4130-93a1-57af7fc3aeaa",
    "data": [
      {
        "text": "a product",
        "userDefined": false
      }
    ],
    "isTemplate": false,
    "count": 3,
    "updated": 0
  },
  {
    "id": "4a5391ae-6d40-4c50-aa94-0ab7c1b3537e",
    "data": [
      {
        "text": "I want information about a ",
        "userDefined": false
      },
      {
        "text": "movie",
        "alias": "product_type",
        "meta": "@product_type",
        "userDefined": false
      }
    ],
    "isTemplate": false,
    "count": 0
  },
  {
    "id": "c6ff6c39-4b32-4756-8dac-9c3a255a877c",
    "data": [
      {
        "text": "Give me some product data",
        "userDefined": false
      }
    ],
    "isTemplate": false,
    "count": 0
  },
  {
    "id": "f248de85-5898-4506-ba52-c3843dd1af2b",
    "data": [
      {
        "text": "i need some ",
        "userDefined": false
      },
      {
        "text": "data",
        "meta": "@sys.ignore",
        "userDefined": false
      },
      {
        "text": " please",
        "userDefined": false
      }
    ],
    "isTemplate": false,
    "count": 2,
    "updated": 0
  },
  {
    "id": "de85798f-3e5f-4eb1-943a-3624f7822435",
    "data": [
      {
        "text": "Fetch me some ",
        "userDefined": false
      },
      {
        "text": "information",
        "meta": "@sys.ignore",
        "userDefined": false
      },
      {
        "text": " about a product",
        "userDefined": false
      }
    ],
    "isTemplate": false,
    "count": 0
  },
  {
    "id": "1d1b4cdc-6ca6-49bf-9168-ef568dffdbbd",
    "data": [
      {
        "text": "Please fetch me ",
        "userDefined": false
      },
      {
        "text": "information",
        "meta": "@sys.ignore",
        "userDefined": false
      }
    ],
    "isTemplate": false,
    "count": 2,
    "updated": 0
  },
  {
    "id": "a81fc0c1-047a-45c9-af84-311641e4e961",
    "data": [
      {
        "text": "Fetch me some data about a product",
        "userDefined": false
      }
    ],
    "isTemplate": false,
    "count": 0
  },
  {
    "id": "5fb90d9d-2029-4d5f-8736-22e606dab48a",
    "data": [
      {
        "text": "I want some ",
        "userDefined": false
      },
      {
        "text": "informaion",
        "meta": "@sys.ignore",
        "userDefined": false
      }
    ],
    "isTemplate": false,
    "count": 11,
    "updated": 0
  },
  {
    "id": "632b59d8-7d83-4919-879f-6145fdbf5355",
    "data": [
      {
        "text": "with a ",
        "userDefined": false
      },
      {
        "text": "movie",
        "alias": "product_type",
        "meta": "@product_type",
        "userDefined": false
      }
    ],
    "isTemplate": false,
    "count": 1,
    "updated": 0
  },
  {
    "id": "b4518dd3-6334-4d0d-86f9-e5cb544ce2f2",
    "data": [
      {
        "text": "Information about products",
        "userDefined": false
      }
    ],
    "isTemplate": false,
    "count": 6,
    "updated": 0
  },
  {
    "id": "ce3dffa2-6517-4af1-8b18-aa6a1678a03b",
    "data": [
      {
        "text": "i need some help with a product",
        "userDefined": false
      }
    ],
    "isTemplate": false,
    "count": 0
  },
  {
    "id": "cf7af513-de7e-413e-acb5-488eda69ab40",
    "data": [
      {
        "text": "a ",
        "userDefined": false
      },
      {
        "text": "moviee",
        "alias": "product_type",
        "meta": "@product_type",
        "userDefined": true
      }
    ],
    "isTemplate": false,
    "count": 0,
    "updated": 0
  },
  {
    "id": "094efd25-1c39-4df8-ab04-1d448beaa9d2",
    "data": [
      {
        "text": "please fetch me some information about the actor mel gibson",
        "userDefined": false
      }
    ],
    "isTemplate": false,
    "count": 0,
    "updated": 0
  },
  {
    "id": "cee180b1-db1c-461f-a85b-ac8ad8b53496",
    "data": [
      {
        "text": "Help me please",
        "userDefined": false
      }
    ],
    "isTemplate": false,
    "count": 0
  },
  {
    "id": "87185d29-4a92-4e8f-aba2-00affb62882d",
    "data": [
      {
        "text": "I would like to clarify a ",
        "userDefined": false
      },
      {
        "text": "doubt",
        "meta": "@sys.ignore",
        "userDefined": false
      }
    ],
    "isTemplate": false,
    "count": 0
  },
  {
    "id": "ef900c89-e4fb-484c-bb49-2801d1398ef2",
    "data": [
      {
        "text": "Data",
        "meta": "@sys.ignore",
        "userDefined": true
      },
      {
        "text": " about a product please",
        "userDefined": false
      }
    ],
    "isTemplate": false,
    "count": 0
  },
  {
    "id": "cd1eaf28-1fc2-4921-8a13-7fa2a7cee9ea",
    "data": [
      {
        "text": "I have a ",
        "userDefined": false
      },
      {
        "text": "question",
        "meta": "@sys.ignore",
        "userDefined": false
      }
    ],
    "isTemplate": false,
    "count": 7,
    "updated": 0
  },
  {
    "id": "6bac6d5a-4582-4689-b219-4cea5dd860eb",
    "data": [
      {
        "text": "Information about a ",
        "userDefined": false
      },
      {
        "text": "moviee",
        "alias": "product_type",
        "meta": "@product_type",
        "userDefined": true
      },
      {
        "text": " pleasee",
        "userDefined": false
      }
    ],
    "isTemplate": false,
    "count": 0
  },
  {
    "id": "5f81b3e3-a0d6-4681-ba32-38e13ef1f073",
    "data": [
      {
        "text": "I have a quetion about an ",
        "userDefined": false
      },
      {
        "text": "actress",
        "alias": "product_type",
        "meta": "@product_type",
        "userDefined": false
      }
    ],
    "isTemplate": false,
    "count": 0
  },
  {
    "id": "7c5d5946-2034-4b9e-b820-018929f6ceb2",
    "data": [
      {
        "text": "I need some ",
        "userDefined": false
      },
      {
        "text": "info",
        "meta": "@sys.ignore",
        "userDefined": false
      }
    ],
    "isTemplate": false,
    "count": 5,
    "updated": 0
  },
  {
    "id": "9cc33d95-b1c6-4d0c-b617-40a26a0a4c94",
    "data": [
      {
        "text": "Give me some data on a ",
        "userDefined": false
      },
      {
        "text": "movie",
        "alias": "product_type",
        "meta": "@product_type",
        "userDefined": false
      }
    ],
    "isTemplate": false,
    "count": 0
  },
  {
    "id": "ee014bc5-c7f0-4754-8a38-4aeec8c5b7e8",
    "data": [
      {
        "text": "Actress",
        "alias": "product_type",
        "meta": "@product_type",
        "userDefined": false
      }
    ],
    "isTemplate": false,
    "count": 0
  },
  {
    "id": "2dd963ba-cd11-43d2-9219-c5c182a664b2",
    "data": [
      {
        "text": "i want some information about an ",
        "userDefined": false
      },
      {
        "text": "actress",
        "alias": "product_type",
        "meta": "@product_type",
        "userDefined": true
      }
    ],
    "isTemplate": false,
    "count": 1,
    "updated": 0
  },
  {
    "id": "87a3969b-780a-4b7c-881e-e4fc2a964c11",
    "data": [
      {
        "text": "i need information regarding a ",
        "userDefined": false
      },
      {
        "text": "movie",
        "alias": "product_type",
        "meta": "@product_type",
        "userDefined": false
      }
    ],
    "isTemplate": false,
    "count": 0
  },
  {
    "id": "9054a84b-bf07-4095-af9d-cae4cd700303",
    "data": [
      {
        "text": "data",
        "meta": "@sys.ignore",
        "userDefined": false
      },
      {
        "text": " on a product",
        "userDefined": false
      }
    ],
    "isTemplate": false,
    "count": 6,
    "updated": 0
  },
  {
    "id": "019428b6-a6db-4263-8d2c-2ce93a4468d1",
    "data": [
      {
        "text": "i have questions about a ",
        "userDefined": false
      },
      {
        "text": "moviee",
        "alias": "product_type",
        "meta": "@product_type",
        "userDefined": true
      }
    ],
    "isTemplate": false,
    "count": 0,
    "updated": 0
  },
  {
    "id": "a44692e0-3235-42c1-83c8-c65928984c1f",
    "data": [
      {
        "text": "Film",
        "alias": "product_type",
        "meta": "@product_type",
        "userDefined": false
      }
    ],
    "isTemplate": false,
    "count": 1
  },
  {
    "id": "89f1e8d8-8d44-4cfb-89e2-1a070fb92245",
    "data": [
      {
        "text": "give me information",
        "userDefined": false
      }
    ],
    "isTemplate": false,
    "count": 7,
    "updated": 0
  },
  {
    "id": "b4921d2b-6bb8-4c60-901e-8675e3b6c4c2",
    "data": [
      {
        "text": "I want information about an ",
        "userDefined": false
      },
      {
        "text": "actor",
        "alias": "product_type",
        "meta": "@product_type",
        "userDefined": false
      }
    ],
    "isTemplate": false,
    "count": 0
  },
  {
    "id": "6f4769c8-664c-460d-a0ad-b76ea2a592e9",
    "data": [
      {
        "text": "Movie",
        "alias": "product_type",
        "meta": "@product_type",
        "userDefined": false
      }
    ],
    "isTemplate": false,
    "count": 17,
    "updated": 0
  },
  {
    "id": "231ba4af-a3ac-4abe-90f0-490a563ac8d1",
    "data": [
      {
        "text": "I am interestedin an ",
        "userDefined": false
      },
      {
        "text": "actor",
        "alias": "product_type",
        "meta": "@product_type",
        "userDefined": false
      }
    ],
    "isTemplate": false,
    "count": 0
  },
  {
    "id": "ce626069-f6db-4eaa-a9fe-e0d6dda09a56",
    "data": [
      {
        "text": "about products",
        "userDefined": false
      }
    ],
    "isTemplate": false,
    "count": 6,
    "updated": 0
  },
  {
    "id": "9e4c104e-20d4-4b13-8aca-554a3388e02c",
    "data": [
      {
        "text": "Information",
        "meta": "@sys.ignore",
        "userDefined": false
      },
      {
        "text": " please",
        "userDefined": false
      }
    ],
    "isTemplate": false,
    "count": 7,
    "updated": 0
  },
  {
    "id": "5c305139-b864-43be-a5b9-25fe5360fe65",
    "data": [
      {
        "text": "I need help",
        "userDefined": false
      }
    ],
    "isTemplate": false,
    "count": 0
  },
  {
    "id": "df9e1839-baa3-4d99-8e90-3e67ed136871",
    "data": [
      {
        "text": "Inform",
        "meta": "@sys.ignore",
        "userDefined": false
      },
      {
        "text": " me about a product",
        "userDefined": false
      }
    ],
    "isTemplate": false,
    "count": 0
  },
  {
    "id": "b2a13a77-7fa6-45e9-a992-59318eb28c68",
    "data": [
      {
        "text": "i am looking for a ",
        "userDefined": false
      },
      {
        "text": "movie",
        "alias": "product_type",
        "meta": "@product_type",
        "userDefined": false
      }
    ],
    "isTemplate": false,
    "count": 1,
    "updated": 0
  },
  {
    "id": "645431e0-d1f6-4ff5-a41f-578f6e77173a",
    "data": [
      {
        "text": "I want some information about a ",
        "userDefined": false
      },
      {
        "text": "movie",
        "alias": "product_type",
        "meta": "@product_type",
        "userDefined": true
      }
    ],
    "isTemplate": false,
    "count": 0
  },
  {
    "id": "90ce50bb-1f2f-4a01-8004-7732578bea9e",
    "data": [
      {
        "text": "give me ",
        "userDefined": false
      },
      {
        "text": "data",
        "meta": "@sys.ignore",
        "userDefined": false
      },
      {
        "text": " about a product",
        "userDefined": false
      }
    ],
    "isTemplate": false,
    "count": 2,
    "updated": 0
  },
  {
    "id": "502c2301-4f8f-4d2a-a205-8b1bd76403b8",
    "data": [
      {
        "text": "Give me ",
        "userDefined": false
      },
      {
        "text": "information",
        "meta": "@sys.ignore",
        "userDefined": false
      }
    ],
    "isTemplate": false,
    "count": 1
  },
  {
    "id": "be8ed1a2-085a-472a-bd3b-5b583ad09403",
    "data": [
      {
        "text": "I",
        "meta": "@sys.ignore",
        "userDefined": false
      },
      {
        "text": " am looking for information",
        "userDefined": false
      }
    ],
    "isTemplate": false,
    "count": 25,
    "updated": 0
  },
  {
    "id": "005e0061-aea8-42f6-be05-1b52d9ef5811",
    "data": [
      {
        "text": "I am looking for a product",
        "userDefined": false
      }
    ],
    "isTemplate": false,
    "count": 7,
    "updated": 0
  },
  {
    "id": "55712764-944f-4baa-bb6b-ef48d60e1ab0",
    "data": [
      {
        "text": "give me information about a product",
        "userDefined": false
      }
    ],
    "isTemplate": false,
    "count": 3,
    "updated": 0
  },
  {
    "id": "9b77bb25-6d8e-466d-8c70-569517dc5552",
    "data": [
      {
        "text": "data",
        "meta": "@sys.ignore",
        "userDefined": false
      },
      {
        "text": " about a product",
        "userDefined": false
      }
    ],
    "isTemplate": false,
    "count": 2,
    "updated": 0
  },
  {
    "id": "0a4b3d4c-7692-49af-bd03-7b1ec2d760b6",
    "data": [
      {
        "text": "about a product",
        "userDefined": false
      }
    ],
    "isTemplate": false,
    "count": 5,
    "updated": 0
  },
  {
    "id": "10b196eb-dbd4-47e2-ac4a-1b306461599c",
    "data": [
      {
        "text": "I have some ",
        "userDefined": false
      },
      {
        "text": "doubts",
        "meta": "@sys.ignore",
        "userDefined": false
      }
    ],
    "isTemplate": false,
    "count": 0
  },
  {
    "id": "c3cf2b03-9f1c-4d01-a3e6-651af4393167",
    "data": [
      {
        "text": "I have a doubt",
        "userDefined": false
      }
    ],
    "isTemplate": false,
    "count": 1
  },
  {
    "id": "64bccf10-f08f-4917-850f-65f012c1fb96",
    "data": [
      {
        "text": "I would like to clarify something",
        "userDefined": false
      }
    ],
    "isTemplate": false,
    "count": 0
  },
  {
    "id": "74cef0bb-fc95-4d01-b19c-682a7f735733",
    "data": [
      {
        "text": "I have a doubt I would like to solve",
        "userDefined": false
      }
    ],
    "isTemplate": false,
    "count": 0
  }
]