[
  {
    "id": "90c9c86b-a0aa-4cd7-8e35-93364832c951",
    "data": [
      {
        "text": "Give me a ",
        "userDefined": false
      },
      {
        "text": "recommendation",
        "meta": "@sys.ignore",
        "userDefined": false
      }
    ],
    "isTemplate": false,
    "count": 9,
    "updated": 0
  },
  {
    "id": "16f5f9cb-d6dd-4abf-9281-62f0c9eb32a1",
    "data": [
      {
        "text": "Recommend",
        "meta": "@sys.ignore",
        "userDefined": true
      },
      {
        "text": " me something",
        "userDefined": false
      }
    ],
    "isTemplate": false,
    "count": 1,
    "updated": 0
  },
  {
    "id": "403f1a8a-52f3-432d-b1a6-6c936cef21c2",
    "data": [
      {
        "text": "I am looking for some ",
        "userDefined": false
      },
      {
        "text": "recommendations",
        "meta": "@sys.ignore",
        "userDefined": true
      }
    ],
    "isTemplate": false,
    "count": 9,
    "updated": 0
  },
  {
    "id": "f53cd54e-77ca-49ef-aac6-38dc84aa4981",
    "data": [
      {
        "text": "recommend",
        "meta": "@sys.ignore",
        "userDefined": false
      },
      {
        "text": " me something, moviebot",
        "userDefined": false
      }
    ],
    "isTemplate": false,
    "count": 2,
    "updated": 0
  },
  {
    "id": "57103660-1ac0-4867-b829-49541834aa9e",
    "data": [
      {
        "text": "I need ",
        "userDefined": false
      },
      {
        "text": "advice",
        "meta": "@sys.ignore",
        "userDefined": true
      }
    ],
    "isTemplate": false,
    "count": 0
  },
  {
    "id": "d7f3db82-7d95-4a41-8097-6c6a7bdede43",
    "data": [
      {
        "text": "A ",
        "userDefined": false
      },
      {
        "text": "recommendation",
        "meta": "@sys.ignore",
        "userDefined": false
      }
    ],
    "isTemplate": false,
    "count": 3
  },
  {
    "id": "2e957c19-53f2-4e05-959f-e12d539e2ce9",
    "data": [
      {
        "text": "Recommendation",
        "meta": "@sys.ignore",
        "userDefined": true
      },
      {
        "text": " please",
        "userDefined": false
      }
    ],
    "isTemplate": false,
    "count": 0
  },
  {
    "id": "723084ba-491c-413d-a721-b0ce3ef8b2c3",
    "data": [
      {
        "text": "Please moviebot, ",
        "userDefined": false
      },
      {
        "text": "recommend",
        "meta": "@sys.ignore",
        "userDefined": false
      },
      {
        "text": " me something",
        "userDefined": false
      }
    ],
    "isTemplate": false,
    "count": 0
  },
  {
    "id": "c0477274-f0ae-4fc9-afbb-7446e6d64cf8",
    "data": [
      {
        "text": "Please ",
        "userDefined": false
      },
      {
        "text": "recommend",
        "meta": "@sys.ignore",
        "userDefined": true
      },
      {
        "text": " me a product",
        "userDefined": false
      }
    ],
    "isTemplate": false,
    "count": 3,
    "updated": 0
  },
  {
    "id": "26b76738-3390-40cc-a9e4-1749eaac1317",
    "data": [
      {
        "text": "I want a ",
        "userDefined": false
      },
      {
        "text": "recommendation",
        "meta": "@sys.ignore",
        "userDefined": true
      }
    ],
    "isTemplate": false,
    "count": 7,
    "updated": 0
  }
]