[
  {
    "id": "9df3d1d4-52db-4997-b034-c247f41163b2",
    "data": [
      {
        "text": "Another one",
        "userDefined": false
      }
    ],
    "isTemplate": false,
    "count": 1,
    "updated": 0
  },
  {
    "id": "c56ebe94-6636-4fcb-bf69-371858da4e0c",
    "data": [
      {
        "text": "Cool! Another qupte",
        "userDefined": false
      }
    ],
    "isTemplate": false,
    "count": 1,
    "updated": 0
  },
  {
    "id": "5240c5e2-e3aa-4f91-a8df-652f1062685f",
    "data": [
      {
        "text": "I want a ",
        "userDefined": false
      },
      {
        "text": "quote",
        "meta": "@sys.ignore",
        "userDefined": false
      },
      {
        "text": " please",
        "userDefined": false
      }
    ],
    "isTemplate": false,
    "count": 3,
    "updated": 0
  },
  {
    "id": "d3419e39-612f-45d3-b67d-750e76e709e9",
    "data": [
      {
        "text": "Quote",
        "meta": "@sys.ignore",
        "userDefined": false
      },
      {
        "text": " maybe?",
        "userDefined": false
      }
    ],
    "isTemplate": false,
    "count": 0
  },
  {
    "id": "f3d484f3-a183-4256-840b-afeafe25d725",
    "data": [
      {
        "text": "I am looking for a quote",
        "userDefined": false
      }
    ],
    "isTemplate": false,
    "count": 14,
    "updated": 0
  },
  {
    "id": "e3064680-e718-4a94-af79-5e72f673e358",
    "data": [
      {
        "text": "Give me a ",
        "userDefined": false
      },
      {
        "text": "quote",
        "meta": "@sys.ignore",
        "userDefined": false
      }
    ],
    "isTemplate": false,
    "count": 12,
    "updated": 0
  },
  {
    "id": "d66f8556-4021-4b69-a8c6-a55148e7728b",
    "data": [
      {
        "text": "give me a ",
        "userDefined": false
      },
      {
        "text": "quotation",
        "meta": "@sys.ignore",
        "userDefined": false
      }
    ],
    "isTemplate": false,
    "count": 2,
    "updated": 0
  },
  {
    "id": "81a3037d-f648-4f4e-bb4e-71e7814575f7",
    "data": [
      {
        "text": "quote",
        "meta": "@sys.ignore",
        "userDefined": false
      },
      {
        "text": " something",
        "userDefined": false
      }
    ],
    "isTemplate": false,
    "count": 13,
    "updated": 0
  },
  {
    "id": "77d922a1-3eb7-4d23-b312-27378787826e",
    "data": [
      {
        "text": "Please ",
        "userDefined": false
      },
      {
        "text": "quote",
        "meta": "@sys.ignore",
        "userDefined": true
      },
      {
        "text": " something",
        "userDefined": false
      }
    ],
    "isTemplate": false,
    "count": 1,
    "updated": 0
  },
  {
    "id": "43e7bb92-61b7-42ad-8fac-8ed9402ac9bb",
    "data": [
      {
        "text": "Another ",
        "userDefined": false
      },
      {
        "text": "quote",
        "meta": "@sys.ignore",
        "userDefined": false
      },
      {
        "text": " please",
        "userDefined": false
      }
    ],
    "isTemplate": false,
    "count": 1
  },
  {
    "id": "d3baa2d4-9f4a-4187-9b19-d224aef18c5d",
    "data": [
      {
        "text": "Quote",
        "meta": "@sys.ignore",
        "userDefined": false
      },
      {
        "text": " please",
        "userDefined": false
      }
    ],
    "isTemplate": false,
    "count": 13,
    "updated": 0
  },
  {
    "id": "1781d889-330e-4198-a07e-c9d91c04dfd6",
    "data": [
      {
        "text": "Quotation",
        "meta": "@sys.ignore",
        "userDefined": false
      },
      {
        "text": " for example",
        "userDefined": false
      }
    ],
    "isTemplate": false,
    "count": 2
  },
  {
    "id": "a073b231-deb8-47d7-b258-ffa5237f7ee8",
    "data": [
      {
        "text": "a sentence from a film",
        "userDefined": false
      }
    ],
    "isTemplate": false,
    "count": 0
  },
  {
    "id": "f1076cde-f43a-479f-9372-4ff006615c40",
    "data": [
      {
        "text": "I would love a line from a ",
        "userDefined": false
      },
      {
        "text": "film",
        "meta": "@sys.ignore",
        "userDefined": false
      }
    ],
    "isTemplate": false,
    "count": 0
  },
  {
    "id": "9864fac2-833d-4edd-8df2-a4615b795dab",
    "data": [
      {
        "text": "I would like a line from a film",
        "userDefined": false
      }
    ],
    "isTemplate": false,
    "count": 2,
    "updated": 0
  },
  {
    "id": "c0bf4a7f-2687-43c1-8bd8-a0ea2f62145e",
    "data": [
      {
        "text": "quote",
        "meta": "@sys.ignore",
        "userDefined": false
      },
      {
        "text": " something from a movie",
        "userDefined": false
      }
    ],
    "isTemplate": false,
    "count": 0,
    "updated": 0
  },
  {
    "id": "906538d2-ce0e-41d7-8d89-470d22914287",
    "data": [
      {
        "text": "Give me a ",
        "userDefined": false
      },
      {
        "text": "sentence",
        "meta": "@sys.ignore",
        "userDefined": false
      }
    ],
    "isTemplate": false,
    "count": 0
  },
  {
    "id": "0cec1582-0719-487f-bc9c-26c1c1dbc507",
    "data": [
      {
        "text": "a ",
        "userDefined": false
      },
      {
        "text": "quotation",
        "meta": "@sys.ignore",
        "userDefined": false
      }
    ],
    "isTemplate": false,
    "count": 2,
    "updated": 0
  },
  {
    "id": "bca89c30-8cc5-494b-b0c2-7c2e48c8fd09",
    "data": [
      {
        "text": "Do you have a ",
        "userDefined": false
      },
      {
        "text": "quote",
        "meta": "@sys.ignore",
        "userDefined": false
      },
      {
        "text": "?",
        "userDefined": false
      }
    ],
    "isTemplate": false,
    "count": 0
  },
  {
    "id": "22aded02-c046-4fe8-bb6f-11bba1c2c80c",
    "data": [
      {
        "text": "I want a ",
        "userDefined": false
      },
      {
        "text": "quote",
        "meta": "@sys.ignore",
        "userDefined": false
      }
    ],
    "isTemplate": false,
    "count": 7,
    "updated": 0
  },
  {
    "id": "de6a5b4f-c126-4868-b8d9-fb327b26398d",
    "data": [
      {
        "text": "I want to hear a ",
        "userDefined": false
      },
      {
        "text": "quote",
        "meta": "@sys.ignore",
        "userDefined": true
      }
    ],
    "isTemplate": false,
    "count": 0
  },
  {
    "id": "98c43641-ee49-45aa-ae18-a0344c6e6332",
    "data": [
      {
        "text": "I am looking for a sentence",
        "userDefined": false
      }
    ],
    "isTemplate": false,
    "count": 0
  },
  {
    "id": "27f3a740-0eec-4898-9184-b6fb53f49359",
    "data": [
      {
        "text": "A ",
        "userDefined": false
      },
      {
        "text": "quote",
        "meta": "@sys.ignore",
        "userDefined": true
      },
      {
        "text": " would be great",
        "userDefined": false
      }
    ],
    "isTemplate": false,
    "count": 0
  },
  {
    "id": "fffcc5bd-cdf9-477d-8b69-4c2fc594f510",
    "data": [
      {
        "text": "Hello give me a ",
        "userDefined": false
      },
      {
        "text": "quote",
        "meta": "@sys.ignore",
        "userDefined": false
      }
    ],
    "isTemplate": false,
    "count": 3,
    "updated": 0
  },
  {
    "id": "ee1b2158-4153-41a9-993f-f9b9443ff35d",
    "data": [
      {
        "text": "A ",
        "userDefined": false
      },
      {
        "text": "quote",
        "meta": "@sys.ignore",
        "userDefined": false
      },
      {
        "text": " please",
        "userDefined": false
      }
    ],
    "isTemplate": false,
    "count": 2,
    "updated": 0
  }
]