[
  {
    "id": "74a3bac9-d988-4e1f-af49-0a157689ad57",
    "data": [
      {
        "text": "Hi!",
        "userDefined": false
      }
    ],
    "isTemplate": false,
    "count": 1,
    "updated": 0
  },
  {
    "id": "aef5805d-5488-4994-ad25-b1fb04a3e35f",
    "data": [
      {
        "text": "greetings",
        "userDefined": false
      }
    ],
    "isTemplate": false,
    "count": 0,
    "updated": 0
  },
  {
    "id": "c13e7f63-fed0-43cd-b353-da6f910c37d8",
    "data": [
      {
        "text": "long time no see",
        "userDefined": false
      }
    ],
    "isTemplate": false,
    "count": 0,
    "updated": 0
  },
  {
    "id": "59b89554-76d1-4982-b43c-35b4fb28d3f5",
    "data": [
      {
        "text": "a good day",
        "userDefined": false
      }
    ],
    "isTemplate": false,
    "count": 0,
    "updated": 0
  },
  {
    "id": "6e39acff-8b01-4191-ba56-1d061cd442c0",
    "data": [
      {
        "text": "How are you",
        "userDefined": false
      }
    ],
    "isTemplate": false,
    "count": 1,
    "updated": 0
  },
  {
    "id": "b380a303-86db-4f10-8eca-51f81fc5291d",
    "data": [
      {
        "text": "I greet you",
        "userDefined": false
      }
    ],
    "isTemplate": false,
    "count": 0,
    "updated": 0
  },
  {
    "id": "c64f244e-5f73-4d7d-bcd9-2d434aebdd71",
    "data": [
      {
        "text": "hello",
        "userDefined": false
      }
    ],
    "isTemplate": false,
    "count": 28,
    "updated": 0
  },
  {
    "id": "78f63284-cd72-4eed-9dbb-ad290b59999f",
    "data": [
      {
        "text": "Buenas!",
        "userDefined": false
      }
    ],
    "isTemplate": false,
    "count": 1
  },
  {
    "id": "8571f881-9d16-4129-b119-8e3d23212ada",
    "data": [
      {
        "text": "hi",
        "userDefined": false
      }
    ],
    "isTemplate": false,
    "count": 64,
    "updated": 0
  },
  {
    "id": "d697626f-0ac9-422f-8101-7d9bb70407ec",
    "data": [
      {
        "text": "Hola",
        "userDefined": false
      }
    ],
    "isTemplate": false,
    "count": 0
  },
  {
    "id": "7acafd20-05eb-4206-b3b8-927966277536",
    "data": [
      {
        "text": "hi there",
        "userDefined": false
      }
    ],
    "isTemplate": false,
    "count": 20,
    "updated": 0
  },
  {
    "id": "3d560be8-8425-4c8b-824f-d422414ab768",
    "data": [
      {
        "text": "howdy",
        "userDefined": false
      }
    ],
    "isTemplate": false,
    "count": 3,
    "updated": 0
  },
  {
    "id": "fd3c663e-2777-4cd0-9037-4a550f52775c",
    "data": [
      {
        "text": "just going to say hi",
        "userDefined": false
      }
    ],
    "isTemplate": false,
    "count": 0,
    "updated": 0
  },
  {
    "id": "5d86be99-c2cd-40f8-b6d5-b99c227a6177",
    "data": [
      {
        "text": "good morning",
        "userDefined": false
      }
    ],
    "isTemplate": false,
    "count": 0
  },
  {
    "id": "65ac21d6-12f5-4a69-8035-d5ee7f7142a9",
    "data": [
      {
        "text": "hello there",
        "userDefined": false
      }
    ],
    "isTemplate": false,
    "count": 3,
    "updated": 0
  },
  {
    "id": "6083debe-96aa-4b86-815d-ff3f0a7c0a16",
    "data": [
      {
        "text": "hello hi",
        "userDefined": false
      }
    ],
    "isTemplate": false,
    "count": 0,
    "updated": 0
  },
  {
    "id": "e4a3146f-e1a3-4790-8183-f67bd0d55542",
    "data": [
      {
        "text": "heya",
        "userDefined": false
      }
    ],
    "isTemplate": false,
    "count": 0,
    "updated": 0
  },
  {
    "id": "1497ae95-873a-4c7f-91a1-c566d6c536a0",
    "data": [
      {
        "text": "lovely day isn\u0027t it",
        "userDefined": false
      }
    ],
    "isTemplate": false,
    "count": 0,
    "updated": 0
  },
  {
    "id": "719e86f2-2c57-456e-b891-841e1b41d120",
    "data": [
      {
        "text": "hello again",
        "userDefined": false
      }
    ],
    "isTemplate": false,
    "count": 1,
    "updated": 0
  },
  {
    "id": "a2a8ef3f-72a4-4bd5-bd63-d5cfc2feeab6",
    "data": [
      {
        "text": "hey",
        "userDefined": false
      }
    ],
    "isTemplate": false,
    "count": 0,
    "updated": 0
  },
  {
    "id": "646b2a24-bcab-485f-a643-7598e282f931",
    "data": [
      {
        "text": "hey there",
        "userDefined": false
      }
    ],
    "isTemplate": false,
    "count": 0,
    "updated": 0
  }
]