[
  {
    "value": "a.i.",
    "synonyms": [
      "a.i."
    ]
  },
  {
    "value": "A Hard Day\u0027s Night",
    "synonyms": [
      "A Hard Day\u0027s Night"
    ]
  },
  {
    "value": "run, lola, run",
    "synonyms": [
      "run, lola, run"
    ]
  },
  {
    "value": "peter o\u0027toole",
    "synonyms": [
      "peter o\u0027toole"
    ]
  },
  {
    "value": "jennifer love hewitt",
    "synonyms": [
      "jennifer love hewitt"
    ]
  },
  {
    "value": "a clockwork orange",
    "synonyms": [
      "a clockwork orange"
    ]
  },
  {
    "value": "prodname",
    "synonyms": [
      "prodname"
    ]
  },
  {
    "value": "scary movie",
    "synonyms": [
      "scary movie"
    ]
  },
  {
    "value": "pi",
    "synonyms": [
      "pi"
    ]
  },
  {
    "value": "2001: a space odissey",
    "synonyms": [
      "2001: a space odissey"
    ]
  }
]